symbol,scale,bin,n_windows,mean_q,mean_r,ci_lo,ci_hi,sd_r,frac_zero_r,mean_duration_s,interior_bin
BTCUSDT,N=25,0,155552.0,-13.524499247839964,-1.8671388934793013e-6,-2.5153280073373494e-6,-1.2519997917663184e-6,0.00010982302219652811,0.3902232051018309,0.20453191215804778,false
BTCUSDT,N=25,1,233260.0,-5.337866350853125,-4.6583440764145914e-6,-5.198403002260553e-6,-4.212299162515942e-6,0.00008149296403648688,0.30463860070307813,0.275323158706894,false
BTCUSDT,N=25,2,388911.0,-3.707081640786708,-6.085163921419945e-6,-6.566824404019803e-6,-5.664933791077552e-6,0.0000811160233000297,0.2502911977290434,0.3391888426914982,false
BTCUSDT,N=25,3,777427.0,-2.5461468047803817,-7.871184234636461e-6,-8.345226300903525e-6,-7.435311485862822e-6,0.00006289368177437176,0.21375769043267084,0.41883748570572765,false
BTCUSDT,N=25,4,1555759.0,-1.5729111655468497,-9.62039247659618e-6,-0.000010163595892223127,-9.147533865857669e-6,0.00005550627328997795,0.1894766477327144,0.5160225201981423,true
BTCUSDT,N=25,5,2332423.0,-0.8666066892669136,-0.000011638895501078694,-0.000012185949151565899,-0.000011137776520447744,0.00004910952119172788,0.16797167580666114,0.610843668151366,true
BTCUSDT,N=25,6,2333325.0,-0.4631938444065878,-0.000014843608012412273,-0.000015511582996396735,-0.000014222897666860058,0.000035791058088343675,0.13647477312418974,0.607682753152999,true
BTCUSDT,N=25,7,3091504.0,-0.23483320028051002,-0.000019315204530661603,-0.000020050760004143704,-0.00001859032334695722,0.000029545486193533515,0.09720414400240142,0.5244532295606866,true
BTCUSDT,N=25,8,3131259.0,-0.10098827532312078,-0.00002509030938920323,-0.00002594117472859838,-0.00002416745763881639,0.00002557421799334833,0.05853045053123999,0.3773959001799119,true
BTCUSDT,N=25,9,3108438.0,0.002290638899666018,9.60471008771674e-7,7.914519328147378e-7,1.1259194422717696e-6,0.00003691384020597147,0.08041627338232257,0.5101022362354614,false
BTCUSDT,N=25,10,3113748.0,0.10301712213062869,0.000024777326192666977,0.000023827888677332773,0.00002567731912844888,0.00002629021908565193,0.058154031732818454,0.3827162172409073,true
BTCUSDT,N=25,11,3109990.0,0.23741046305615085,0.000018980329458692896,0.00001825505095295179,0.000019691143101797286,0.00002870159334340912,0.09862571905375901,0.5317552963191597,true
BTCUSDT,N=25,12,2329461.0,0.4668981416731165,0.000014602716314216796,0.000013989926375968578,0.000015262468585300794,0.00003658667150176956,0.14004398442386456,0.6155584626661276,true
BTCUSDT,N=25,13,2338144.0,0.8715148895876391,0.000011465016289631093,0.000010934279747255047,0.000012030892793731451,0.000041555495899074453,0.1732630667743304,0.612484823005111,true
BTCUSDT,N=25,14,1554980.0,1.579817353920949,9.533430028371455e-6,9.06214490193881e-6,0.00001004026079448339,0.00005651142721063409,0.19445073248530528,0.5117476507742534,true
BTCUSDT,N=25,15,778112.0,2.554005172777185,7.78703918991916e-6,7.4195462493148475e-6,8.180259624758329e-6,0.000058786115017248014,0.21809713768711958,0.4119201194683097,false
BTCUSDT,N=25,16,388998.0,3.7181322988807115,6.1214391887045635e-6,5.7176323583176526e-6,6.5292724437000986e-6,0.00006281447567917827,0.2555463010092597,0.33077326104502475,false
BTCUSDT,N=25,17,233380.0,5.354348024680791,4.631062087161052e-6,4.15967823524868e-6,5.117938404768144e-6,0.00008398455704675324,0.30846259319564656,0.27042629188435857,false
BTCUSDT,N=25,18,155557.0,13.512612875023292,2.1251058999581456e-6,1.5722069724209418e-6,2.7051262291692587e-6,0.00010564047608485944,0.394768477149855,0.1978637091227552,false
BTCUSDT,N=250,0,15555.0,-73.19486332369024,-0.00010248019948619928,-0.00010942113888118704,-0.0000962941325997783,0.00022148776322894397,0.05522340083574413,1.9081750562520519,false
BTCUSDT,N=250,1,23332.0,-31.161810432024744,-0.00010738512703565798,-0.0001126529945945487,-0.00010253154092246085,0.0002501158828588698,0.023529915995199727,1.4390844333962318,false
BTCUSDT,N=250,2,38885.0,-22.01242839141057,-0.00010837892211928659,-0.00011271493609084586,-0.00010470845920588371,0.00016225775429006407,0.01777034846341777,1.6338188247393448,false
BTCUSDT,N=250,3,77763.0,-15.806962784357617,-0.0001081102477192151,-0.00011147277774348826,-0.0001049920135750583,0.00014746619110991862,0.013862633900441084,2.3166770700717834,false
BTCUSDT,N=250,4,155553.0,-10.670053319447398,-0.00010503571588731442,-0.00010819794497493779,-0.00010218552618873085,0.00012364721065910952,0.01146233116686917,3.5977455979630593,true
BTCUSDT,N=250,5,233307.0,-6.872114582931477,-0.00010543388225673194,-0.00010831586168864437,-0.00010272098824027094,0.00012424237656509437,0.009498214798527263,4.772209217897518,true
BTCUSDT,N=250,6,233296.0,-4.478238936801322,-0.0001061555464513639,-0.00010941596536158442,-0.00010305266881452339,0.00012834400911365234,0.009134318633838557,5.457431974830314,true
BTCUSDT,N=250,7,311046.0,-2.751445027423605,-0.00010183655536328661,-0.00010545136754684762,-0.00009826110767390995,0.0001374556661000647,0.009352314448666757,5.762953910354111,true
BTCUSDT,N=250,8,311175.0,-1.2974436249698724,-0.00007439403912122792,-0.00007809350895163554,-0.000070392142355165,0.0001472488483791272,0.011469430384831687,5.917903231300781,true
BTCUSDT,N=250,9,311093.0,0.028893546302874048,-4.254181065655636e-7,-1.2331691084671421e-6,4.151166413542895e-7,0.00014410281674092376,0.015146596033983406,6.125957321444046,false
BTCUSDT,N=250,10,311079.0,1.3483581823266768,0.00007460035189795175,0.0000704088254127721,0.00007884276878376492,0.00014881711693097576,0.011058284230050888,5.940320555228735,true
BTCUSDT,N=250,11,311113.0,2.792529113216096,0.00010106259118364662,0.00009701712709466796,0.00010520447033166857,0.00013726921487346486,0.009118873206841243,5.77008025379847,true
BTCUSDT,N=250,12,233334.0,4.51412193679446,0.0001050465238305841,0.00010168346605389953,0.0001084559528688098,0.0001277036176035677,0.009141402453135848,5.474814497672896,true
BTCUSDT,N=250,13,233321.0,6.917269401382654,0.00010514738695412915,0.00010228434068922713,0.00010825842608104449,0.00012232987271803468,0.009591935573737468,4.688869304520366,true
BTCUSDT,N=250,14,155541.0,10.728518634957979,0.00010588661065529953,0.00010287658991014335,0.00010915220646102331,0.00012043448683676597,0.011379636237390784,3.4567232112430424,true
BTCUSDT,N=250,15,77778.0,15.896206035125685,0.00010967360108609642,0.00010634717475456888,0.00011311683122865685,0.0001388006777327361,0.015004242845020443,2.2198512689962624,false
BTCUSDT,N=250,16,38889.0,22.13586548895577,0.00011192173662314719,0.00010782962403146867,0.00011663489837407462,0.00016059936320686686,0.01920851654709558,1.5167891434593375,false
BTCUSDT,N=250,17,23333.0,31.210724938927722,0.00010820540634929954,0.00010316591733955751,0.00011355271853870889,0.00018259279700793068,0.030986156945099215,1.3594686495522021,false
BTCUSDT,N=250,18,15555.0,72.74027405978782,0.00010184779693454786,0.00009623530801490025,0.00010731984523377726,0.00026395968299021123,0.057216329154612666,1.8389370620379646,false
BTCUSDT,N=2500,0,1556.0,-340.61609318766085,-0.0007263995337960002,-0.000776595521131249,-0.0006798059534553044,0.0006823152687383972,0.003213367609254499,20.17437853470439,false
BTCUSDT,N=2500,1,2332.0,-169.59845025729012,-0.0005808617965425471,-0.000606037270798128,-0.0005544259638881437,0.0005108224228163995,0.0017152658662092624,22.147487993138903,false
BTCUSDT,N=2500,2,3888.0,-121.94985416666643,-0.0005618847661445882,-0.0005805999743242512,-0.000543560948266654,0.00047026048386990157,0.001286008230452675,23.377277777777753,false
BTCUSDT,N=2500,3,7775.0,-89.59770019292618,-0.0005294712760534868,-0.0005455374382447633,-0.0005138104889937887,0.0004806561152767419,0.0011575562700964631,28.790766173633386,false
BTCUSDT,N=2500,4,15550.0,-61.96299305466245,-0.0004926092230367449,-0.0005039116152923353,-0.0004812586592802937,0.00046685127609414674,0.0012218649517684887,38.91374250803842,true
BTCUSDT,N=2500,5,23326.0,-40.68625812398184,-0.0004341429192105013,-0.00044482371265011834,-0.0004222879769661189,0.0004730547632908815,0.0011146360284660893,48.69215219068833,true
BTCUSDT,N=2500,6,23324.0,-26.747432687360668,-0.0003702458472939048,-0.0003829235761858847,-0.0003573404759354662,0.00048272908658126125,0.0013719773623735209,53.974328202709714,true
BTCUSDT,N=2500,7,31103.0,-16.23005947979294,-0.0002720551075306683,-0.0002885310103393393,-0.0002570047056149016,0.00048520630209580433,0.0013503520560717616,57.40281014693105,true
BTCUSDT,N=2500,8,31101.0,-7.260255940323446,-0.00014183771447862488,-0.00015291555230455408,-0.00013018483393522956,0.0004834820142291433,0.0017041252692839457,57.75490145011426,true
BTCUSDT,N=2500,9,31101.0,0.32197803929134144,-3.64483407533126e-6,-9.032260973924228e-6,1.563566057650274e-6,0.00048530628051547523,0.0015433587344458378,57.84419111925601,false
BTCUSDT,N=2500,10,31100.0,7.8626338263665465,0.00013678954972045837,0.00012618510763627775,0.00014682094983640084,0.0004935307778232514,0.0017363344051446945,57.39786147910001,true
BTCUSDT,N=2500,11,31101.0,16.711385293077416,0.0002655142108559765,0.00025072563016192615,0.00027972427746363623,0.0004919751323768869,0.0014147455065753513,56.84672152020813,true
BTCUSDT,N=2500,12,23326.0,27.121738617851335,0.00035976979696526246,0.0003452733091264655,0.00037326460197170306,0.0004897537653799606,0.001543342193260739,53.26453476806965,true
BTCUSDT,N=2500,13,23326.0,40.96626283974953,0.00043911634608781463,0.0004253942137778412,0.0004539573767912186,0.0004800364303693295,0.0013718597273428793,47.20707588099134,true
BTCUSDT,N=2500,14,15551.0,62.204292585685955,0.0005020016598994247,0.00048731260061872164,0.0005178109529460982,0.0004795392650759162,0.0012860909266285126,37.02247971191564,true
BTCUSDT,N=2500,15,7775.0,90.52906006430864,0.0005391944094729867,0.0005221260809710342,0.000556057205997129,0.0004794611486865406,0.0006430868167202572,27.537634469453348,false
BTCUSDT,N=2500,16,3888.0,123.74578369341552,0.0005779865388146843,0.0005554550285045467,0.0006008650458651669,0.0004788554703353147,0.00205761316872428,22.50111856995884,false
BTCUSDT,N=2500,17,2332.0,172.4792487135505,0.0006285510177621628,0.0006032170395549987,0.0006531322506279189,0.0005105469493158187,0.0017152658662092624,18.473547598627757,false
BTCUSDT,N=2500,18,1556.0,333.2689415167094,0.0007144044488105398,0.0006751320597407278,0.0007556298997241301,0.000686520019768302,0.002570694087403599,18.35985282776351,false
BTCUSDT,N=25000,0,156.0,-1341.2809230769224,-0.0027939671580137103,-0.0030250465237777486,-0.002565802292394524,0.001466879307917045,0.0,221.30317307692317,false
BTCUSDT,N=25000,1,232.0,-811.5690603448276,-0.0023947790595104964,-0.002634678256837531,-0.002161033499199095,0.0015456665535176952,0.0,228.3390862068966,false
BTCUSDT,N=25000,2,388.0,-623.3777603092778,-0.002403525085813006,-0.002576936722033144,-0.0022349711760310687,0.0015147652972239375,0.0,254.41924226804133,false
BTCUSDT,N=25000,3,776.0,-466.3148788659796,-0.0020827258226076956,-0.002206289826718371,-0.0019593044668735154,0.0014887173933991412,0.0,298.62915335051554,false
BTCUSDT,N=25000,4,1551.0,-333.5737530625398,-0.0018387685155707653,-0.0019284206350141128,-0.0017511580245250945,0.0014174583147883242,0.0006447453255963894,428.97621470019277,true
BTCUSDT,N=25000,5,2326.0,-224.95316122097992,-0.0015229904871904723,-0.001600172984072464,-0.0014486318036111335,0.0014054723678099735,0.0,485.5969088564059,true
BTCUSDT,N=25000,6,2327.0,-150.85638246669546,-0.0012163538227403256,-0.0012915731326456985,-0.001148724410946518,0.0014213753566505618,0.0004297378599054577,530.5597163730121,true
BTCUSDT,N=25000,7,3102.0,-94.14108736299173,-0.000861814242045122,-0.0009292280059613939,-0.0008022671024605164,0.0013716705374090478,0.0003223726627981947,570.7905938104441,true
BTCUSDT,N=25000,8,3102.0,-43.356239522888444,-0.00043065079766673467,-0.0004949174899017748,-0.00037272544474189123,0.0014051225462729346,0.0012894906511927789,566.7255338491317,true
BTCUSDT,N=25000,9,3102.0,2.681101869761434,-7.323028733971981e-6,-0.00005437128777936996,0.00004429530488429843,0.0013589610155473858,0.0003223726627981947,553.3351586073502,false
BTCUSDT,N=25000,10,3102.0,47.558395228884656,0.00038364748642943025,0.000325657751523922,0.00044018366533374076,0.0013900327631703251,0.0006447453255963894,557.1147333978078,true
BTCUSDT,N=25000,11,3102.0,98.15423823339759,0.0008046768356643689,0.0007396825757702159,0.000878514030014634,0.0014229365612948167,0.0003223726627981947,551.0263181818186,true
BTCUSDT,N=25000,12,2327.0,155.37979501504103,0.0012426498042897292,0.0011586123663775674,0.0013309564339988131,0.0014277896068157201,0.0,521.1670593038252,true
BTCUSDT,N=25000,13,2326.0,227.58497334479785,0.001465009775932372,0.0013831427748283735,0.0015510675467598396,0.001454738665298801,0.0,485.1936349957003,true
BTCUSDT,N=25000,14,1551.0,337.85288072211466,0.0018414650157000314,0.0017336394493084263,0.0019482598275241043,0.0015186488277777054,0.0,389.82921598968386,true
BTCUSDT,N=25000,15,776.0,475.05675128866,0.0021681242528002074,0.0020378756504470965,0.0022954785164908736,0.0016516965601627359,0.0,316.09710824742245,false
BTCUSDT,N=25000,16,388.0,624.8740077319588,0.0024333652879692373,0.0022552992838629836,0.0025919521767436902,0.0015652724307822583,0.0,261.5569948453606,false
BTCUSDT,N=25000,17,232.0,818.6060517241381,0.002542896492839357,0.0023373393974880467,0.0027548229994311642,0.0016484860523773026,0.0,200.91373706896545,false
BTCUSDT,N=25000,18,156.0,1353.7366346153835,0.0032141223879107337,0.0029241637332514505,0.003515157671387676,0.0021843882435572336,0.0,210.25015384615386,false
BTCUSDT,1min,0,17376.0,-164.362544371547,-0.0008970754963797181,-0.0009465139065059832,-0.0008521080085059768,0.0009949416889500902,0.0024746777163904238,NaN,false
BTCUSDT,1min,1,17376.0,-44.45654293278093,-0.00045922935983865715,-0.00047755362244391295,-0.00044274453742765616,0.0005685609345793604,0.0025897790055248618,NaN,true
BTCUSDT,1min,2,17376.0,-25.114168911141746,-0.0003254550529393706,-0.00033786859520250817,-0.0003133423455169221,0.0004753788982037253,0.00408609576427256,NaN,true
BTCUSDT,1min,3,17374.0,-15.747631575918044,-0.00023274227085855057,-0.00024165324863506635,-0.0002244377378208579,0.0003989331541259353,0.0060435132957292505,NaN,true
BTCUSDT,1min,4,17376.0,-9.957946017495372,-0.00016839916279375584,-0.00017509067839971057,-0.00016204426422373756,0.00035957974745333274,0.009323204419889503,NaN,true
BTCUSDT,1min,5,17376.0,-5.889118611878474,-0.00010878625362081921,-0.00011452497032761163,-0.00010365469044539118,0.00032551947087597403,0.01979742173112339,NaN,true
BTCUSDT,1min,6,17377.0,-2.6810492029694486,-0.000054191499386269604,-0.000059633884391921204,-0.00004907982996216544,0.00030942789028903724,0.03809633423490821,NaN,true
BTCUSDT,1min,7,17376.0,0.08847133977900584,-3.440157814476385e-6,-8.227453745576632e-6,1.4482540199926397e-6,0.00029604847403557033,0.056744935543278086,NaN,false
BTCUSDT,1min,8,17374.0,2.8615012087026583,0.000057002590779273464,0.000051795744059882326,0.00006193967374725806,0.00030862162953701505,0.03522504892367906,NaN,true
BTCUSDT,1min,9,17377.0,6.06801438683316,0.00010800338404840749,0.00010168164648121904,0.00011455426189717781,0.0003326366488008134,0.016228347816078726,NaN,true
BTCUSDT,1min,10,17376.0,10.11391119935544,0.000159483214250769,0.00015342278202251728,0.00016588833996981927,0.00035321605200759495,0.009150552486187844,NaN,true
BTCUSDT,1min,11,17375.0,15.98295574100718,0.00023229878256074044,0.00022376956031165104,0.000240892982558366,0.00040132693335029714,0.004661870503597123,NaN,true
BTCUSDT,1min,12,17378.0,25.537037000805626,0.0003171398439568534,0.0003059286006471239,0.00032818680805294135,0.00046441345390267716,0.0035101852917481875,NaN,true
BTCUSDT,1min,13,17376.0,45.13124395718232,0.000459458191419567,0.00044291365407241154,0.00047721535806656974,0.0005835710082850136,0.002186924493554328,NaN,true
BTCUSDT,1min,14,17376.0,166.5655030501846,0.0009029382803776769,0.0008540928716836632,0.0009582625659835144,0.001075460448798611,0.0016689686924493555,NaN,false
ETHUSDT,N=25,0,237994.0,-259.04051563484734,-2.3128870424880906e-6,-3.1971718821211333e-6,-1.41214200773847e-6,0.00015177728908644653,0.3887366908409456,0.1504184013042806,false
ETHUSDT,N=25,1,356984.0,-106.78783574053757,-6.454479251845868e-6,-7.054669921457154e-6,-5.822888910023931e-6,0.00011241798253986854,0.2855898303565426,0.2109780214238105,false
ETHUSDT,N=25,2,594971.0,-73.18968512414891,-7.946691136517494e-6,-8.518737156436912e-6,-7.381535811951439e-6,0.0000968443890400164,0.23764687690660552,0.27362079664375993,false
ETHUSDT,N=25,3,1189953.0,-48.397548822516555,-9.611329292980106e-6,-0.000010164733412475851,-9.068762668488334e-6,0.00008650470859311245,0.20011882822262728,0.3445412692765841,false
ETHUSDT,N=25,4,2379797.0,-28.589301975756737,-0.000011842837768725298,-0.000012658142520968622,-0.000011118039641982779,0.00007437045855212941,0.17091415780421607,0.3894175872991297,true
ETHUSDT,N=25,5,3569859.0,-15.071466789584708,-0.000013694998021040098,-0.000014502375891460322,-0.000012980479600132306,0.000060525619011742466,0.14966725576556386,0.4210066848582023,true
ETHUSDT,N=25,6,3569459.0,-7.596170772937868,-0.000016637765346806,-0.000017512806163676174,-0.000015844432606540386,0.0000475523508659876,0.11230973657352557,0.41656056954330967,true
ETHUSDT,N=25,7,4759010.0,-3.4304999552428,-0.000020436416503717595,-0.00002119583995707001,-0.000019724022681394766,0.00003929152079760639,0.0772593459564069,0.3457715365171554,true
ETHUSDT,N=25,8,4759799.0,-1.0979644554318357,-0.00002501972447209963,-0.000025762164158747615,-0.000024262918664425136,0.000033361173381406394,0.047019842644615874,0.23534119676135773,true
ETHUSDT,N=25,9,4759134.0,0.017741198713883653,7.384214174444054e-7,5.351143825960535e-7,9.416016274545283e-7,0.00003868900550022594,0.03894300937943752,0.15664119816815772,false
ETHUSDT,N=25,10,4762054.0,1.161174755683158,0.00002446712086697446,0.000023720204417870536,0.000025198769278717806,0.00003365245708691609,0.050574394998460746,0.2463105426783132,true
ETHUSDT,N=25,11,4759886.0,3.503677567487961,0.000020171883373544094,0.00001946661962351755,0.00002091884759921348,0.000039894111277253486,0.08241709990533387,0.35703064506177706,true
ETHUSDT,N=25,12,3569736.0,7.66045182388838,0.00001648642181506816,0.0000156973059895085,0.000017325064573421938,0.00004812507312539556,0.11979373264577549,0.42781241217851745,true
ETHUSDT,N=25,13,3570055.0,15.096401033037326,0.000013601561124808521,0.000012857700468198506,0.000014408570055670354,0.000059848437208500374,0.15939250235640628,0.4268242413634701,true
ETHUSDT,N=25,14,2379995.0,28.497594079819567,0.000011879349329127178,0.000011192335794698334,0.000012622699109148805,0.00007650011628304652,0.17915835957638568,0.3888834455541852,true
ETHUSDT,N=25,15,1190031.0,48.132258105881235,9.874978860587022e-6,9.232239764844117e-6,0.000010617465293555547,0.00008904537525727862,0.2080332361089753,0.34211740702510907,false
ETHUSDT,N=25,16,594978.0,72.67389641129593,8.392983134957674e-6,7.785795571396067e-6,9.050582218196226e-6,0.00009297937561924027,0.24592842088278893,0.27093637411790533,false
ETHUSDT,N=25,17,356992.0,106.10259370237979,6.610370494682571e-6,5.901453999937336e-6,7.322548140991923e-6,0.00011235668735134723,0.2955584438866977,0.20853890003125408,false
ETHUSDT,N=25,18,237998.0,257.1817485188942,3.0214591973096692e-6,1.893493329680841e-6,4.058881248490372e-6,0.00015407925262697538,0.3953100446222237,0.14591447407126576,false
ETHUSDT,N=250,0,23799.0,-1361.0466825917072,-0.0001184623599629744,-0.0001275081614591662,-0.0001109773910891457,0.00030672473108156565,0.0478171351737468,1.2787900331947109,false
ETHUSDT,N=250,1,35698.0,-608.1093122583893,-0.00011629938962605044,-0.00012145517348828107,-0.00011157404780998085,0.0002571461015856906,0.023950921620258837,1.0132700711524503,false
ETHUSDT,N=250,2,59498.0,-423.8304895962894,-0.00011733546772119397,-0.00012373932634723725,-0.00011210669390805328,0.00021081639052791877,0.018488016403912736,1.1729273420953568,false
ETHUSDT,N=250,3,118995.0,-297.39938142779016,-0.00011388755334121884,-0.0001181249515117585,-0.00011027985815733307,0.00017935568881718585,0.014790537417538552,1.6932618429344082,false
ETHUSDT,N=250,4,237989.0,-197.38851887272077,-0.00011015771045738152,-0.00011395436285443355,-0.00010677250316960273,0.00015590079882504135,0.012945976494711941,2.4657261638140535,true
ETHUSDT,N=250,5,356981.0,-124.43625545337092,-0.00010637599126787355,-0.00011031846886538236,-0.00010290845732836715,0.00014716157239135885,0.012650533221656055,3.22488273045347,true
ETHUSDT,N=250,6,356984.0,-79.00981579566603,-0.00010323458558354919,-0.00010720610989898095,-0.0000998038180758739,0.00014800131741768007,0.012656029401877955,3.6122712082334623,true
ETHUSDT,N=250,7,475979.0,-47.08899831084986,-0.00009919833713770364,-0.00010315318791644065,-0.00009547585605410228,0.00015394334426568923,0.012800984917401817,3.7436731410418727,true
ETHUSDT,N=250,8,475980.0,-21.427615506954044,-0.00007738707721238221,-0.00008139441554263631,-0.00007344939073983782,0.00016336017246991634,0.013992184545569141,3.7159251018949995,true
ETHUSDT,N=250,9,475976.0,0.4529543674470986,-6.301186608340172e-7,-1.4092244370316492e-6,1.6384987649679517e-7,0.00016504580925403813,0.01961233339496109,3.756383038220493,false
ETHUSDT,N=250,10,475975.0,22.157738893849466,0.00007627087392917204,0.00007236413466831551,0.00008040579415134893,0.00016389744731389012,0.014500761594621566,3.7165118987341823,true
ETHUSDT,N=250,11,475985.0,47.55609658077445,0.0000976120405348903,0.00009395241137925043,0.00010140341625186318,0.00015506789265651983,0.012689475508681996,3.760510772398187,true
ETHUSDT,N=250,12,356984.0,79.21122422293419,0.00010275736520646917,0.00009932701223390812,0.00010681740369632445,0.00014892763007150512,0.012213432534791475,3.650641647805028,true
ETHUSDT,N=250,13,356985.0,124.34269021667559,0.00010697443379370115,0.00010342320968030223,0.00011099596215661885,0.00015126851416312088,0.012633584044147514,3.224649691163477,true
ETHUSDT,N=250,14,237989.0,196.8549370180975,0.00011155948266454647,0.0001077779767790063,0.00011571038373281313,0.00015400374441011143,0.012769497749896004,2.457129031173526,true
ETHUSDT,N=250,15,118995.0,295.7208636917515,0.00011734170989556555,0.00011274526333960806,0.00012247402484684113,0.00018398663943119243,0.014521618555401487,1.702366754905498,false
ETHUSDT,N=250,16,59497.0,420.2431617056314,0.00012101547072018097,0.00011550753807821473,0.00012698649249985892,0.00020557075762017604,0.017076491251659748,1.1966437971661057,false
ETHUSDT,N=250,17,35699.0,601.3296606347503,0.00012228346002077372,0.00011538691439809873,0.00012975011043661364,0.0002772593750927762,0.0235860948485952,0.9292056080002662,false
ETHUSDT,N=250,18,23799.0,1340.1845022059733,0.0001222252137695223,0.00011459610109710359,0.0001319353904859271,0.00031903312173037554,0.044035463674944327,1.1915730913063938,false
ETHUSDT,N=2500,0,2380.0,-6110.6515260504275,-0.0008316962383114227,-0.0008828319789640412,-0.0007848567371801345,0.0008659833023110079,0.0029411764705882353,11.161873109243707,false
ETHUSDT,N=2500,1,3569.0,-3381.171432053795,-0.0006900267467111536,-0.0007185040641821621,-0.000662292909595386,0.0007024815764084077,0.001961333706920706,12.578856262258347,false
ETHUSDT,N=2500,2,5949.0,-2380.4666360732895,-0.0006321976962304014,-0.0006562415076594265,-0.000609950279958967,0.0005792710760299503,0.0021852412170112624,14.957645318540935,false
ETHUSDT,N=2500,3,11897.0,-1691.207513995126,-0.0005702438092233384,-0.0005934918601292263,-0.0005486221553263164,0.0005564724808380849,0.002017315289568799,19.779663948894676,false
ETHUSDT,N=2500,4,23795.0,-1141.9912838411408,-0.0005027155285316649,-0.0005177235055339195,-0.00048725110832436994,0.0005311346530134005,0.0026055894095398193,26.475094053372583,true
ETHUSDT,N=2500,5,35693.0,-735.9331765892481,-0.00042883194778727706,-0.00044225047621035705,-0.0004162580643585813,0.0005246471891056937,0.0032219202644776287,32.27258863082401,true
ETHUSDT,N=2500,6,35692.0,-475.62237846015853,-0.00035315803846248245,-0.0003651717327498248,-0.0003394595621776341,0.0005269026978974061,0.0030539056371175614,35.52917418469102,true
ETHUSDT,N=2500,7,47590.0,-285.4135610212223,-0.00025999595261032434,-0.0002734424324243386,-0.0002467675471663926,0.0005280698260335486,0.0036352174826644254,37.18168234923292,true
ETHUSDT,N=2500,8,47590.0,-127.79194000840526,-0.00014127870278422776,-0.00015223713192303616,-0.00013089202266871694,0.0005288958941895451,0.0038033200252153812,37.16998583736084,true
ETHUSDT,N=2500,9,47590.0,4.177198823282207,-7.416354438319011e-6,-0.000012138589167575442,-1.9691428289194833e-6,0.000524895471627859,0.004454717377600336,36.81384820340416,false
ETHUSDT,N=2500,10,47590.0,136.15606032780008,0.00013308381420438988,0.0001227228411223679,0.0001439949555398425,0.0005279807416043496,0.004139525110317293,37.15108426139968,true
ETHUSDT,N=2500,11,47590.0,293.8591338936753,0.00025424814059627973,0.0002408201661660205,0.00026724278106211483,0.0005310355589801854,0.0034250893044757303,36.99364685858373,true
ETHUSDT,N=2500,12,35692.0,480.61365059397,0.00034661475865914747,0.00033338665010523594,0.0003595763247289991,0.0005380091343694509,0.0029418357054802197,34.97863022526052,true
ETHUSDT,N=2500,13,35693.0,734.9247200291395,0.00043090620005798065,0.0004175228668876399,0.00044481070754238494,0.0005321374726464152,0.0029977866808617937,31.74424615470824,true
ETHUSDT,N=2500,14,23795.0,1132.414215633536,0.0005133203746596736,0.0004968404852606597,0.0005308952515835505,0.0005410067963639407,0.0023534355957133854,25.19477377600334,true
ETHUSDT,N=2500,15,11897.0,1665.6991636547084,0.0005820865394697126,0.000557131966357346,0.0006066106846229229,0.0005745246250099599,0.0021854248970328656,19.186667227032057,false
ETHUSDT,N=2500,16,5949.0,2313.6709378046767,0.0006755826412275704,0.0006470691644738376,0.0007066153391693256,0.0005959341124528362,0.001176668347621449,14.4457402924861,false
ETHUSDT,N=2500,17,3569.0,3241.030953768564,0.0007277595352318311,0.0006938489950794053,0.0007630894604741975,0.000680429226483501,0.002801905295601009,11.892651442981212,false
ETHUSDT,N=2500,18,2380.0,6038.763064285711,0.0008793841764150899,0.0008297259515881503,0.0009274143449566769,0.0008479704835059441,0.0033613445378151263,9.948806722689072,false
ETHUSDT,N=25000,0,238.0,-23336.519878151248,-0.003469320063638823,-0.0037465935864618464,-0.003197386513186892,0.002392874791544128,0.0,85.00791596638656,false
ETHUSDT,N=25000,1,356.0,-15222.922303370791,-0.0028801823896880004,-0.0030961720542956313,-0.002680939329991791,0.00179551390713408,0.0,130.3357275280898,false
ETHUSDT,N=25000,2,594.0,-11819.000375420872,-0.002537691928255255,-0.0027097646308153617,-0.0023720165775133356,0.0018122867131228453,0.0,179.47818686868672,false
ETHUSDT,N=25000,3,1188.0,-8892.424061447822,-0.0022424205266640173,-0.002342659367007818,-0.0021405052751738195,0.0016689025528083294,0.0,214.89237962962991,false
ETHUSDT,N=25000,4,2375.0,-6279.226162947364,-0.00196105649691907,-0.002056854047289147,-0.0018642985163181012,0.0016052813148695457,0.0004210526315789474,274.22532463157944,true
ETHUSDT,N=25000,5,3563.0,-4206.8751470670795,-0.0016017045329686278,-0.0016760325578811046,-0.0015199347339654536,0.0015540417351786661,0.000561324726354196,323.0733258490036,true
ETHUSDT,N=25000,6,3562.0,-2814.273830993826,-0.0012402979620278482,-0.0013047634487357224,-0.0011681569380967045,0.0015614029355911511,0.0008422234699606962,353.5340140370581,true
ETHUSDT,N=25000,7,4751.0,-1743.9040909282246,-0.0008888792408418627,-0.0009579234835701267,-0.0008190725827854986,0.0014930729414778748,0.0016838560303094085,371.5649475899822,true
ETHUSDT,N=25000,8,4750.0,-795.6207305263139,-0.000433123940108019,-0.00048712754335532695,-0.0003800387463334318,0.0014439064537655599,0.0008421052631578948,370.43682378947346,true
ETHUSDT,N=25000,9,4751.0,8.79051504946325,-0.00006055202116513913,-0.00010244469414377559,-0.00002117027843970123,0.0014337401972065423,0.0016838560303094085,371.42546895390444,false
ETHUSDT,N=25000,10,4750.0,809.4728122105257,0.0003943451704726998,0.00033728378331397625,0.0004489446009192333,0.001450052889823762,0.0014736842105263158,361.7911357894742,true
ETHUSDT,N=25000,11,4750.0,1748.5297602105254,0.0008249571832647887,0.0007640301238606511,0.0008796084694620454,0.0014656230953089082,0.002105263157894737,357.7368210526311,true
ETHUSDT,N=25000,12,3563.0,2796.856653381975,0.0012459676973676484,0.0011718494479328442,0.0013269792233525704,0.0015417425170650585,0.000280662363177098,343.9458024136961,true
ETHUSDT,N=25000,13,3563.0,4167.63782093741,0.0015838699741137362,0.001509160827979455,0.0016599059915282867,0.00155454979283421,0.0014033118158854898,301.5642798203761,true
ETHUSDT,N=25000,14,2375.0,6224.705325473688,0.002030691999106847,0.0019155446412520447,0.002137351485212436,0.0018150385357792289,0.0004210526315789474,266.59937894736896,true
ETHUSDT,N=25000,15,1188.0,8775.300695286194,0.002360608020102937,0.002222780326258929,0.0025079479589413256,0.0018715441732276923,0.0008417508417508417,207.32589898989912,false
ETHUSDT,N=25000,16,594.0,11630.997845117856,0.0026721470495185253,0.0024877734810431693,0.002876887546724994,0.0022689634899077434,0.0,164.965590909091,false
ETHUSDT,N=25000,17,356.0,15088.807634831455,0.0030790401877675024,0.002861155547288847,0.003322237760162359,0.0018926413209896327,0.0,129.47814325842697,false
ETHUSDT,N=25000,18,238.0,23410.171445378142,0.003813601346482435,0.003483930558951598,0.004155699880770613,0.0023412753923658905,0.0,110.01272268907566,false
ETHUSDT,1min,0,17376.0,-4081.690778545129,-0.0011960440733283172,-0.0012605267248862575,-0.0011313815596838746,0.0013583430463450202,0.0017265193370165745,NaN,false
ETHUSDT,1min,1,17375.0,-1114.7019323741044,-0.0005540723099391787,-0.0005775911313519034,-0.0005308503271738556,0.0007160362677901718,0.002589928057553957,NaN,true
ETHUSDT,1min,2,17377.0,-628.4260652011287,-0.00038022665201841187,-0.00039429876588254945,-0.0003677294964799354,0.0005861315416192971,0.004258502618403637,NaN,true
ETHUSDT,1min,3,17376.0,-389.8130633057092,-0.00027780243400616424,-0.00028716170887337463,-0.0002691273076726032,0.0005122958287035376,0.005755064456721915,NaN,true
ETHUSDT,1min,4,17376.0,-244.87146408839797,-0.00018459565403269797,-0.00019361132554731537,-0.00017619878001124935,0.0004548798928990246,0.008287292817679558,NaN,true
ETHUSDT,1min,5,17376.0,-144.6490436233886,-0.00013112202897246162,-0.00013834008548098439,-0.00012377994147365435,0.00042215424882965084,0.014560313075506445,NaN,true
ETHUSDT,1min,6,17375.0,-66.66680132374101,-0.00006408799170803118,-0.00007079288869180768,-0.000058075750297139484,0.0003850895248545996,0.022676258992805755,NaN,true
ETHUSDT,1min,7,17376.0,0.9266030732044209,1.4877712971457915e-6,-4.757613120188958e-6,7.52989210350078e-6,0.0003797901225458911,0.03211325966850829,NaN,false
ETHUSDT,1min,8,17376.0,68.44686429558006,0.0000688933557353657,0.0000631984223670854,0.00007491141600295981,0.00038289631562594473,0.023250460405156537,NaN,true
ETHUSDT,1min,9,17376.0,145.1817633517493,0.00012068690233568549,0.0001145621084367232,0.0001271010099072321,0.000413125089223728,0.012028084714548803,NaN,true
ETHUSDT,1min,10,17376.0,243.9938520948429,0.00019431926970113884,0.00018601606458117908,0.00020236816658769353,0.0004513306412961401,0.009093001841620625,NaN,true
ETHUSDT,1min,11,17376.0,387.32689134438345,0.0002645998860783095,0.0002554790654503104,0.0002748201973094316,0.0005041814829425303,0.00679097605893186,NaN,true
ETHUSDT,1min,12,17376.0,620.8577966160233,0.0003756703542642304,0.0003629486289121815,0.0003897357444245731,0.0005855266394731439,0.004201197053406998,NaN,true
ETHUSDT,1min,13,17376.0,1097.789523595761,0.0005346294615783409,0.0005156817407575651,0.0005542995317830342,0.0007259528136807606,0.003913443830570903,NaN,true
ETHUSDT,1min,14,17376.0,4080.173581549254,0.0012118373063519363,0.0011466788984924288,0.0012834002750046949,0.001498371794770429,0.0013236648250460406,NaN,false
